연령대,행정구역,인구 수,1인가구 수,성별
총합,서대문구,"305,909","66,715",M+F
0~69세,서대문구,"266,990","56,239",M+F
0~4세,서대문구,"7,227",2,M+F
5~9세,서대문구,"10,027",4,M+F
10~14세,서대문구,"10,589",24,M+F
15~19세,서대문구,"11,619",580,M+F
20~24세,서대문구,"21,572","7,604",M+F
25~29세,서대문구,"26,837","11,140",M+F
30~34세,서대문구,"23,921","8,255",M+F
35~39세,서대문구,"20,637","4,853",M+F
40~44세,서대문구,"22,906","3,991",M+F
45~49세,서대문구,"21,152","3,344",M+F
50~54세,서대문구,"25,943","4,150",M+F
55~59세,서대문구,"23,087","3,799",M+F
60~64세,서대문구,"22,413","4,344",M+F
65~69세,서대문구,"19,060","4,149",M+F
총합,서대문구,"145,181","30,230",M
0~69세,서대문구,"129,274","27,416",M
0~4세,서대문구,"3,729",0,M
5~9세,서대문구,"5,079",2,M
10~14세,서대문구,"5,358",11,M
15~19세,서대문구,"5,653",162,M
20~24세,서대문구,"9,510","2,655",M
25~29세,서대문구,"12,954","5,349",M
30~34세,서대문구,"11,861","4,399",M
35~39세,서대문구,"10,109","2,666",M
40~44세,서대문구,"11,398","2,173",M
45~49세,서대문구,"10,379","1,792",M
50~54세,서대문구,"12,548","2,289",M
55~59세,서대문구,"11,149","2,089",M
60~64세,서대문구,"10,663","2,117",M
65~69세,서대문구,"8,884","1,712",M
총합,서대문구,"160,728","36,485",F
0~69세,서대문구,"137,716","28,823",F
0~4세,서대문구,"3,498",2,F
5~9세,서대문구,"4,948",2,F
10~14세,서대문구,"5,231",13,F
15~19세,서대문구,"5,966",418,F
20~24세,서대문구,"12,062","4,949",F
25~29세,서대문구,"13,883","5,791",F
30~34세,서대문구,"12,060","3,856",F
35~39세,서대문구,"10,528","2,187",F
40~44세,서대문구,"11,508","1,818",F
45~49세,서대문구,"10,773","1,552",F
50~54세,서대문구,"13,395","1,861",F
55~59세,서대문구,"11,938","1,710",F
60~64세,서대문구,"11,750","2,227",F
65~69세,서대문구,"10,176","2,437",F
총합,충정로2가,"1,135",511,M+F
0~69세,충정로2가,"1,010",479,M+F
0~4세,충정로2가,17,0,M+F
5~9세,충정로2가,17,0,M+F
10~14세,충정로2가,18,0,M+F
15~19세,충정로2가,35,4,M+F
20~24세,충정로2가,63,30,M+F
25~29세,충정로2가,165,121,M+F
30~34세,충정로2가,170,118,M+F
35~39세,충정로2가,95,54,M+F
40~44세,충정로2가,73,34,M+F
45~49세,충정로2가,73,27,M+F
50~54세,충정로2가,85,29,M+F
55~59세,충정로2가,62,16,M+F
60~64세,충정로2가,74,24,M+F
65~69세,충정로2가,63,22,M+F
총합,충정로2가,554,246,M
0~69세,충정로2가,495,235,M
0~4세,충정로2가,7,0,M
5~9세,충정로2가,8,0,M
10~14세,충정로2가,8,0,M
15~19세,충정로2가,16,1,M
20~24세,충정로2가,29,12,M
25~29세,충정로2가,59,40,M
30~34세,충정로2가,83,55,M
35~39세,충정로2가,53,27,M
40~44세,충정로2가,43,19,M
45~49세,충정로2가,40,21,M
50~54세,충정로2가,51,22,M
55~59세,충정로2가,35,12,M
60~64세,충정로2가,37,15,M
65~69세,충정로2가,26,11,M
총합,충정로2가,581,265,F
0~69세,충정로2가,515,244,F
0~4세,충정로2가,10,0,F
5~9세,충정로2가,9,0,F
10~14세,충정로2가,10,0,F
15~19세,충정로2가,19,3,F
20~24세,충정로2가,34,18,F
25~29세,충정로2가,106,81,F
30~34세,충정로2가,87,63,F
35~39세,충정로2가,42,27,F
40~44세,충정로2가,30,15,F
45~49세,충정로2가,33,6,F
50~54세,충정로2가,34,7,F
55~59세,충정로2가,27,4,F
60~64세,충정로2가,37,9,F
65~69세,충정로2가,37,11,F
총합,충정로3가,"4,935","1,732",M+F
0~69세,충정로3가,"4,340","1,541",M+F
0~4세,충정로3가,62,0,M+F
5~9세,충정로3가,81,0,M+F
10~14세,충정로3가,113,0,M+F
15~19세,충정로3가,138,20,M+F
20~24세,충정로3가,274,102,M+F
25~29세,충정로3가,600,332,M+F
30~34세,충정로3가,591,328,M+F
35~39세,충정로3가,405,199,M+F
40~44세,충정로3가,326,103,M+F
45~49세,충정로3가,294,89,M+F
50~54세,충정로3가,368,84,M+F
55~59세,충정로3가,340,88,M+F
60~64세,충정로3가,384,107,M+F
65~69세,충정로3가,364,89,M+F
총합,충정로3가,"2,320",806,M
0~69세,충정로3가,"2,063",737,M
0~4세,충정로3가,29,0,M
5~9세,충정로3가,43,0,M
10~14세,충정로3가,56,0,M
15~19세,충정로3가,62,5,M
20~24세,충정로3가,115,31,M
25~29세,충정로3가,242,121,M
30~34세,충정로3가,288,163,M
35~39세,충정로3가,192,95,M
40~44세,충정로3가,159,50,M
45~49세,충정로3가,156,57,M
50~54세,충정로3가,185,53,M
55~59세,충정로3가,170,57,M
60~64세,충정로3가,184,60,M
65~69세,충정로3가,182,45,M
총합,충정로3가,"2,615",926,F
0~69세,충정로3가,"2,277",804,F
0~4세,충정로3가,33,0,F
5~9세,충정로3가,38,0,F
10~14세,충정로3가,57,0,F
15~19세,충정로3가,76,15,F
20~24세,충정로3가,159,71,F
25~29세,충정로3가,358,211,F
30~34세,충정로3가,303,165,F
35~39세,충정로3가,213,104,F
40~44세,충정로3가,167,53,F
45~49세,충정로3가,138,32,F
50~54세,충정로3가,183,31,F
55~59세,충정로3가,170,31,F
60~64세,충정로3가,200,47,F
65~69세,충정로3가,182,44,F
총합,합동,"1,063",402,M+F
0~69세,합동,"1,004",383,M+F
0~4세,합동,41,0,M+F
5~9세,합동,39,0,M+F
10~14세,합동,25,0,M+F
15~19세,합동,32,1,M+F
20~24세,합동,42,9,M+F
25~29세,합동,119,71,M+F
30~34세,합동,144,92,M+F
35~39세,합동,127,64,M+F
40~44세,합동,119,52,M+F
45~49세,합동,93,37,M+F
50~54세,합동,82,19,M+F
55~59세,합동,65,16,M+F
60~64세,합동,50,15,M+F
65~69세,합동,26,7,M+F
총합,합동,479,177,M
0~69세,합동,450,169,M
0~4세,합동,18,0,M
5~9세,합동,22,0,M
10~14세,합동,10,0,M
15~19세,합동,10,1,M
20~24세,합동,22,3,M
25~29세,합동,44,27,M
30~34세,합동,69,47,M
35~39세,합동,57,29,M
40~44세,합동,49,20,M
45~49세,합동,38,16,M
50~54세,합동,44,10,M
55~59세,합동,34,8,M
60~64세,합동,23,7,M
65~69세,합동,10,1,M
총합,합동,584,225,F
0~69세,합동,554,214,F
0~4세,합동,23,0,F
5~9세,합동,17,0,F
10~14세,합동,15,0,F
15~19세,합동,22,0,F
20~24세,합동,20,6,F
25~29세,합동,75,44,F
30~34세,합동,75,45,F
35~39세,합동,70,35,F
40~44세,합동,70,32,F
45~49세,합동,55,21,F
50~54세,합동,38,9,F
55~59세,합동,31,8,F
60~64세,합동,27,8,F
65~69세,합동,16,6,F
총합,미근동,448,238,M+F
0~69세,미근동,363,196,M+F
0~4세,미근동,0,0,M+F
5~9세,미근동,4,0,M+F
10~14세,미근동,2,0,M+F
15~19세,미근동,6,0,M+F
20~24세,미근동,26,15,M+F
25~29세,미근동,70,53,M+F
30~34세,미근동,52,38,M+F
35~39세,미근동,32,20,M+F
40~44세,미근동,35,18,M+F
45~49세,미근동,26,12,M+F
50~54세,미근동,22,12,M+F
55~59세,미근동,32,11,M+F
60~64세,미근동,26,9,M+F
65~69세,미근동,30,8,M+F
총합,미근동,231,123,M
0~69세,미근동,196,109,M
0~4세,미근동,0,0,M
5~9세,미근동,2,0,M
10~14세,미근동,1,0,M
15~19세,미근동,3,0,M
20~24세,미근동,11,6,M
25~29세,미근동,39,28,M
30~34세,미근동,30,19,M
35~39세,미근동,15,10,M
40~44세,미근동,19,12,M
45~49세,미근동,15,7,M
50~54세,미근동,11,7,M
55~59세,미근동,15,7,M
60~64세,미근동,16,7,M
65~69세,미근동,19,6,M
총합,미근동,217,115,F
0~69세,미근동,167,87,F
0~4세,미근동,0,0,F
5~9세,미근동,2,0,F
10~14세,미근동,1,0,F
15~19세,미근동,3,0,F
20~24세,미근동,15,9,F
25~29세,미근동,31,25,F
30~34세,미근동,22,19,F
35~39세,미근동,17,10,F
40~44세,미근동,16,6,F
45~49세,미근동,11,5,F
50~54세,미근동,11,5,F
55~59세,미근동,17,4,F
60~64세,미근동,10,2,F
65~69세,미근동,11,2,F
총합,냉천동,"3,040",581,M+F
0~69세,냉천동,"2,710",465,M+F
0~4세,냉천동,110,0,M+F
5~9세,냉천동,137,0,M+F
10~14세,냉천동,123,0,M+F
15~19세,냉천동,114,1,M+F
20~24세,냉천동,180,34,M+F
25~29세,냉천동,164,41,M+F
30~34세,냉천동,196,47,M+F
35~39세,냉천동,230,36,M+F
40~44세,냉천동,265,28,M+F
45~49세,냉천동,229,50,M+F
50~54세,냉천동,307,58,M+F
55~59세,냉천동,249,56,M+F
60~64세,냉천동,220,54,M+F
65~69세,냉천동,186,60,M+F
총합,냉천동,"1,493",306,M
0~69세,냉천동,"1,341",258,M
0~4세,냉천동,60,0,M
5~9세,냉천동,72,0,M
10~14세,냉천동,68,0,M
15~19세,냉천동,60,0,M
20~24세,냉천동,78,11,M
25~29세,냉천동,61,16,M
30~34세,냉천동,88,22,M
35~39세,냉천동,112,21,M
40~44세,냉천동,129,14,M
45~49세,냉천동,113,24,M
50~54세,냉천동,152,39,M
55~59세,냉천동,129,43,M
60~64세,냉천동,122,33,M
65~69세,냉천동,97,35,M
총합,냉천동,"1,547",275,F
0~69세,냉천동,"1,369",207,F
0~4세,냉천동,50,0,F
5~9세,냉천동,65,0,F
10~14세,냉천동,55,0,F
15~19세,냉천동,54,1,F
20~24세,냉천동,102,23,F
25~29세,냉천동,103,25,F
30~34세,냉천동,108,25,F
35~39세,냉천동,118,15,F
40~44세,냉천동,136,14,F
45~49세,냉천동,116,26,F
50~54세,냉천동,155,19,F
55~59세,냉천동,120,13,F
60~64세,냉천동,98,21,F
65~69세,냉천동,89,25,F
총합,천연동,"4,522",855,M+F
0~69세,천연동,"3,911",680,M+F
0~4세,천연동,133,0,M+F
5~9세,천연동,162,0,M+F
10~14세,천연동,186,1,M+F
15~19세,천연동,213,7,M+F
20~24세,천연동,205,26,M+F
25~29세,천연동,314,82,M+F
30~34세,천연동,319,86,M+F
35~39세,천연동,375,83,M+F
40~44세,천연동,389,66,M+F
45~49세,천연동,376,71,M+F
50~54세,천연동,394,70,M+F
55~59세,천연동,294,60,M+F
60~64세,천연동,315,72,M+F
65~69세,천연동,236,56,M+F
총합,천연동,"2,095",372,M
0~69세,천연동,"1,883",342,M
0~4세,천연동,75,0,M
5~9세,천연동,81,0,M
10~14세,천연동,94,1,M
15~19세,천연동,105,1,M
20~24세,천연동,87,5,M
25~29세,천연동,152,43,M
30~34세,천연동,144,43,M
35~39세,천연동,188,51,M
40~44세,천연동,191,34,M
45~49세,천연동,179,33,M
50~54세,천연동,198,42,M
55~59세,천연동,142,33,M
60~64세,천연동,144,34,M
65~69세,천연동,103,22,M
총합,천연동,"2,427",483,F
0~69세,천연동,"2,028",338,F
0~4세,천연동,58,0,F
5~9세,천연동,81,0,F
10~14세,천연동,92,0,F
15~19세,천연동,108,6,F
20~24세,천연동,118,21,F
25~29세,천연동,162,39,F
30~34세,천연동,175,43,F
35~39세,천연동,187,32,F
40~44세,천연동,198,32,F
45~49세,천연동,197,38,F
50~54세,천연동,196,28,F
55~59세,천연동,152,27,F
60~64세,천연동,171,38,F
65~69세,천연동,133,34,F
총합,옥천동,945,379,M+F
0~69세,옥천동,758,295,M+F
0~4세,옥천동,14,0,M+F
5~9세,옥천동,6,0,M+F
10~14세,옥천동,14,0,M+F
15~19세,옥천동,24,2,M+F
20~24세,옥천동,46,18,M+F
25~29세,옥천동,92,50,M+F
30~34세,옥천동,87,49,M+F
35~39세,옥천동,47,20,M+F
40~44세,옥천동,45,18,M+F
45~49세,옥천동,56,13,M+F
50~54세,옥천동,80,29,M+F
55~59세,옥천동,85,29,M+F
60~64세,옥천동,78,35,M+F
65~69세,옥천동,84,32,M+F
총합,옥천동,441,175,M
0~69세,옥천동,379,154,M
0~4세,옥천동,7,0,M
5~9세,옥천동,1,0,M
10~14세,옥천동,11,0,M
15~19세,옥천동,16,1,M
20~24세,옥천동,12,3,M
25~29세,옥천동,52,28,M
30~34세,옥천동,39,25,M
35~39세,옥천동,30,10,M
40~44세,옥천동,21,7,M
45~49세,옥천동,30,9,M
50~54세,옥천동,44,20,M
55~59세,옥천동,47,18,M
60~64세,옥천동,32,18,M
65~69세,옥천동,37,15,M
총합,옥천동,504,204,F
0~69세,옥천동,379,141,F
0~4세,옥천동,7,0,F
5~9세,옥천동,5,0,F
10~14세,옥천동,3,0,F
15~19세,옥천동,8,1,F
20~24세,옥천동,34,15,F
25~29세,옥천동,40,22,F
30~34세,옥천동,48,24,F
35~39세,옥천동,17,10,F
40~44세,옥천동,24,11,F
45~49세,옥천동,26,4,F
50~54세,옥천동,36,9,F
55~59세,옥천동,38,11,F
60~64세,옥천동,46,17,F
65~69세,옥천동,47,17,F
총합,영천동,"2,972",361,M+F
0~69세,영천동,"2,597",284,M+F
0~4세,영천동,80,0,M+F
5~9세,영천동,91,1,M+F
10~14세,영천동,104,3,M+F
15~19세,영천동,149,1,M+F
20~24세,영천동,179,11,M+F
25~29세,영천동,185,22,M+F
30~34세,영천동,174,20,M+F
35~39세,영천동,161,22,M+F
40~44세,영천동,179,16,M+F
45~49세,영천동,188,20,M+F
50~54세,영천동,300,44,M+F
55~59세,영천동,296,34,M+F
60~64세,영천동,304,56,M+F
65~69세,영천동,207,34,M+F
총합,영천동,"1,379",162,M
0~69세,영천동,"1,228",142,M
0~4세,영천동,36,0,M
5~9세,영천동,37,1,M
10~14세,영천동,44,1,M
15~19세,영천동,66,0,M
20~24세,영천동,85,5,M
25~29세,영천동,94,11,M
30~34세,영천동,81,15,M
35~39세,영천동,83,14,M
40~44세,영천동,79,7,M
45~49세,영천동,90,12,M
50~54세,영천동,145,23,M
55~59세,영천동,140,18,M
60~64세,영천동,150,28,M
65~69세,영천동,98,7,M
총합,영천동,"1,593",199,F
0~69세,영천동,"1,369",142,F
0~4세,영천동,44,0,F
5~9세,영천동,54,0,F
10~14세,영천동,60,2,F
15~19세,영천동,83,1,F
20~24세,영천동,94,6,F
25~29세,영천동,91,11,F
30~34세,영천동,93,5,F
35~39세,영천동,78,8,F
40~44세,영천동,100,9,F
45~49세,영천동,98,8,F
50~54세,영천동,155,21,F
55~59세,영천동,156,16,F
60~64세,영천동,154,28,F
65~69세,영천동,109,27,F
총합,현저동,"5,047",903,M+F
0~69세,현저동,"4,226",590,M+F
0~4세,현저동,121,0,M+F
5~9세,현저동,151,0,M+F
10~14세,현저동,125,0,M+F
15~19세,현저동,207,0,M+F
20~24세,현저동,258,13,M+F
25~29세,현저동,291,41,M+F
30~34세,현저동,347,55,M+F
35~39세,현저동,345,47,M+F
40~44세,현저동,326,43,M+F
45~49세,현저동,345,54,M+F
50~54세,현저동,476,56,M+F
55~59세,현저동,447,85,M+F
60~64세,현저동,440,97,M+F
65~69세,현저동,347,99,M+F
총합,현저동,"2,395",407,M
0~69세,현저동,"2,085",318,M
0~4세,현저동,59,0,M
5~9세,현저동,83,0,M
10~14세,현저동,57,0,M
15~19세,현저동,104,0,M
20~24세,현저동,135,10,M
25~29세,현저동,165,33,M
30~34세,현저동,166,38,M
35~39세,현저동,165,24,M
40~44세,현저동,155,20,M
45~49세,현저동,154,25,M
50~54세,현저동,233,29,M
55~59세,현저동,208,43,M
60~64세,현저동,230,51,M
65~69세,현저동,171,45,M
총합,현저동,"2,652",496,F
0~69세,현저동,"2,141",272,F
0~4세,현저동,62,0,F
5~9세,현저동,68,0,F
10~14세,현저동,68,0,F
15~19세,현저동,103,0,F
20~24세,현저동,123,3,F
25~29세,현저동,126,8,F
30~34세,현저동,181,17,F
35~39세,현저동,180,23,F
40~44세,현저동,171,23,F
45~49세,현저동,191,29,F
50~54세,현저동,243,27,F
55~59세,현저동,239,42,F
60~64세,현저동,210,46,F
65~69세,현저동,176,54,F
총합,북아현동,"27,632","5,122",M+F
0~69세,북아현동,"24,601","4,254",M+F
0~4세,북아현동,884,1,M+F
5~9세,북아현동,"1,167",0,M+F
10~14세,북아현동,974,2,M+F
15~19세,북아현동,924,29,M+F
20~24세,북아현동,"1,512",251,M+F
25~29세,북아현동,"2,073",561,M+F
30~34세,북아현동,"2,332",636,M+F
35~39세,북아현동,"2,190",424,M+F
40~44세,북아현동,"2,371",331,M+F
45~49세,북아현동,"1,906",310,M+F
50~54세,북아현동,"2,366",436,M+F
55~59세,북아현동,"2,244",413,M+F
60~64세,북아현동,"2,022",444,M+F
65~69세,북아현동,"1,636",416,M+F
총합,북아현동,"13,306","2,466",M
0~69세,북아현동,"12,068","2,224",M
0~4세,북아현동,466,0,M
5~9세,북아현동,593,0,M
10~14세,북아현동,502,0,M
15~19세,북아현동,439,11,M
20~24세,북아현동,684,87,M
25~29세,북아현동,966,256,M
30~34세,북아현동,"1,153",338,M
35~39세,북아현동,"1,052",252,M
40~44세,북아현동,"1,238",202,M
45~49세,북아현동,948,157,M
50~54세,북아현동,"1,128",245,M
55~59세,북아현동,"1,103",239,M
60~64세,북아현동,"1,013",237,M
65~69세,북아현동,783,200,M
총합,북아현동,"14,326","2,656",F
0~69세,북아현동,"12,533","2,030",F
0~4세,북아현동,418,1,F
5~9세,북아현동,574,0,F
10~14세,북아현동,472,2,F
15~19세,북아현동,485,18,F
20~24세,북아현동,828,164,F
25~29세,북아현동,"1,107",305,F
30~34세,북아현동,"1,179",298,F
35~39세,북아현동,"1,138",172,F
40~44세,북아현동,"1,133",129,F
45~49세,북아현동,958,153,F
50~54세,북아현동,"1,238",191,F
55~59세,북아현동,"1,141",174,F
60~64세,북아현동,"1,009",207,F
65~69세,북아현동,853,216,F
총합,홍제동,"55,440","9,141",M+F
0~69세,홍제동,"47,321","6,961",M+F
0~4세,홍제동,"1,414",0,M+F
5~9세,홍제동,"1,632",0,M+F
10~14세,홍제동,"1,662",2,M+F
15~19세,홍제동,"2,025",48,M+F
20~24세,홍제동,"3,151",360,M+F
25~29세,홍제동,"3,724",708,M+F
30~34세,홍제동,"4,066",946,M+F
35~39세,홍제동,"3,787",660,M+F
40~44세,홍제동,"3,909",610,M+F
45~49세,홍제동,"3,600",512,M+F
50~54세,홍제동,"5,089",734,M+F
55~59세,홍제동,"4,633",667,M+F
60~64세,홍제동,"4,650",845,M+F
65~69세,홍제동,"3,979",869,M+F
총합,홍제동,"26,118","3,869",M
0~69세,홍제동,"22,823","3,311",M
0~4세,홍제동,722,0,M
5~9세,홍제동,805,0,M
10~14세,홍제동,841,2,M
15~19세,홍제동,996,13,M
20~24세,홍제동,"1,553",132,M
25~29세,홍제동,"1,789",322,M
30~34세,홍제동,"1,988",500,M
35~39세,홍제동,"1,853",347,M
40~44세,홍제동,"1,957",319,M
45~49세,홍제동,"1,731",264,M
50~54세,홍제동,"2,397",369,M
55~59세,홍제동,"2,216",340,M
60~64세,홍제동,"2,165",376,M
65~69세,홍제동,"1,810",327,M
총합,홍제동,"29,322","5,272",F
0~69세,홍제동,"24,498","3,650",F
0~4세,홍제동,692,0,F
5~9세,홍제동,827,0,F
10~14세,홍제동,821,0,F
15~19세,홍제동,"1,029",35,F
20~24세,홍제동,"1,598",228,F
25~29세,홍제동,"1,935",386,F
30~34세,홍제동,"2,078",446,F
35~39세,홍제동,"1,934",313,F
40~44세,홍제동,"1,952",291,F
45~49세,홍제동,"1,869",248,F
50~54세,홍제동,"2,692",365,F
55~59세,홍제동,"2,417",327,F
60~64세,홍제동,"2,485",469,F
65~69세,홍제동,"2,169",542,F
총합,대현동,"6,855","3,921",M+F
0~69세,대현동,"6,487","3,812",M+F
0~4세,대현동,63,0,M+F
5~9세,대현동,92,0,M+F
10~14세,대현동,147,0,M+F
15~19세,대현동,269,120,M+F
20~24세,대현동,"1,743","1,438",M+F
25~29세,대현동,"1,556","1,230",M+F
30~34세,대현동,710,467,M+F
35~39세,대현동,326,172,M+F
40~44세,대현동,278,92,M+F
45~49세,대현동,277,80,M+F
50~54세,대현동,364,71,M+F
55~59세,대현동,291,67,M+F
60~64세,대현동,204,38,M+F
65~69세,대현동,167,37,M+F
총합,대현동,"2,126",889,M
0~69세,대현동,"1,988",867,M
0~4세,대현동,34,0,M
5~9세,대현동,36,0,M
10~14세,대현동,75,0,M
15~19세,대현동,70,11,M
20~24세,대현동,243,169,M
25~29세,대현동,426,316,M
30~34세,대현동,254,151,M
35~39세,대현동,128,55,M
40~44세,대현동,116,36,M
45~49세,대현동,115,33,M
50~54세,대현동,169,33,M
55~59세,대현동,140,30,M
60~64세,대현동,106,21,M
65~69세,대현동,76,12,M
총합,대현동,"4,729","3,032",F
0~69세,대현동,"4,499","2,945",F
0~4세,대현동,29,0,F
5~9세,대현동,56,0,F
10~14세,대현동,72,0,F
15~19세,대현동,199,109,F
20~24세,대현동,"1,500","1,269",F
25~29세,대현동,"1,130",914,F
30~34세,대현동,456,316,F
35~39세,대현동,198,117,F
40~44세,대현동,162,56,F
45~49세,대현동,162,47,F
50~54세,대현동,195,38,F
55~59세,대현동,151,37,F
60~64세,대현동,98,17,F
65~69세,대현동,91,25,F
총합,대신동,"1,552",898,M+F
0~69세,대신동,"1,418",853,M+F
0~4세,대신동,31,0,M+F
5~9세,대신동,17,0,M+F
10~14세,대신동,49,0,M+F
15~19세,대신동,50,14,M+F
20~24세,대신동,297,253,M+F
25~29세,대신동,338,279,M+F
30~34세,대신동,162,126,M+F
35~39세,대신동,76,44,M+F
40~44세,대신동,78,37,M+F
45~49세,대신동,68,20,M+F
50~54세,대신동,83,29,M+F
55~59세,대신동,64,20,M+F
60~64세,대신동,56,16,M+F
65~69세,대신동,49,15,M+F
총합,대신동,615,325,M
0~69세,대신동,552,310,M
0~4세,대신동,19,0,M
5~9세,대신동,8,0,M
10~14세,대신동,23,0,M
15~19세,대신동,19,3,M
20~24세,대신동,55,42,M
25~29세,대신동,144,124,M
30~34세,대신동,68,56,M
35~39세,대신동,34,19,M
40~44세,대신동,32,16,M
45~49세,대신동,24,5,M
50~54세,대신동,50,19,M
55~59세,대신동,29,10,M
60~64세,대신동,28,10,M
65~69세,대신동,19,6,M
총합,대신동,937,573,F
0~69세,대신동,866,543,F
0~4세,대신동,12,0,F
5~9세,대신동,9,0,F
10~14세,대신동,26,0,F
15~19세,대신동,31,11,F
20~24세,대신동,242,211,F
25~29세,대신동,194,155,F
30~34세,대신동,94,70,F
35~39세,대신동,42,25,F
40~44세,대신동,46,21,F
45~49세,대신동,44,15,F
50~54세,대신동,33,10,F
55~59세,대신동,35,10,F
60~64세,대신동,28,6,F
65~69세,대신동,30,9,F
총합,신촌동,833,380,M+F
0~69세,신촌동,748,365,M+F
0~4세,신촌동,11,0,M+F
5~9세,신촌동,10,0,M+F
10~14세,신촌동,27,0,M+F
15~19세,신촌동,26,4,M+F
20~24세,신촌동,160,118,M+F
25~29세,신촌동,148,113,M+F
30~34세,신촌동,86,58,M+F
35~39세,신촌동,38,21,M+F
40~44세,신촌동,42,18,M+F
45~49세,신촌동,32,8,M+F
50~54세,신촌동,48,4,M+F
55~59세,신촌동,46,6,M+F
60~64세,신촌동,42,7,M+F
65~69세,신촌동,32,8,M+F
총합,신촌동,342,136,M
0~69세,신촌동,305,132,M
0~4세,신촌동,3,0,M
5~9세,신촌동,6,0,M
10~14세,신촌동,15,0,M
15~19세,신촌동,9,1,M
20~24세,신촌동,50,30,M
25~29세,신촌동,54,39,M
30~34세,신촌동,36,26,M
35~39세,신촌동,15,10,M
40~44세,신촌동,16,7,M
45~49세,신촌동,15,3,M
50~54세,신촌동,21,1,M
55~59세,신촌동,22,4,M
60~64세,신촌동,26,5,M
65~69세,신촌동,17,6,M
총합,신촌동,491,244,F
0~69세,신촌동,443,233,F
0~4세,신촌동,8,0,F
5~9세,신촌동,4,0,F
10~14세,신촌동,12,0,F
15~19세,신촌동,17,3,F
20~24세,신촌동,110,88,F
25~29세,신촌동,94,74,F
30~34세,신촌동,50,32,F
35~39세,신촌동,23,11,F
40~44세,신촌동,26,11,F
45~49세,신촌동,17,5,F
50~54세,신촌동,27,3,F
55~59세,신촌동,24,2,F
60~64세,신촌동,16,2,F
65~69세,신촌동,15,2,F
총합,봉원동,372,100,M+F
0~69세,봉원동,301,78,M+F
0~4세,봉원동,6,0,M+F
5~9세,봉원동,10,0,M+F
10~14세,봉원동,17,0,M+F
15~19세,봉원동,10,0,M+F
20~24세,봉원동,21,6,M+F
25~29세,봉원동,23,9,M+F
30~34세,봉원동,26,16,M+F
35~39세,봉원동,18,3,M+F
40~44세,봉원동,20,3,M+F
45~49세,봉원동,27,4,M+F
50~54세,봉원동,29,5,M+F
55~59세,봉원동,36,12,M+F
60~64세,봉원동,39,12,M+F
65~69세,봉원동,19,8,M+F
총합,봉원동,175,50,M
0~69세,봉원동,144,41,M
0~4세,봉원동,1,0,M
5~9세,봉원동,5,0,M
10~14세,봉원동,8,0,M
15~19세,봉원동,5,0,M
20~24세,봉원동,5,1,M
25~29세,봉원동,10,3,M
30~34세,봉원동,13,9,M
35~39세,봉원동,9,2,M
40~44세,봉원동,11,3,M
45~49세,봉원동,9,2,M
50~54세,봉원동,17,3,M
55~59세,봉원동,18,7,M
60~64세,봉원동,24,8,M
65~69세,봉원동,9,3,M
총합,봉원동,197,50,F
0~69세,봉원동,157,37,F
0~4세,봉원동,5,0,F
5~9세,봉원동,5,0,F
10~14세,봉원동,9,0,F
15~19세,봉원동,5,0,F
20~24세,봉원동,16,5,F
25~29세,봉원동,13,6,F
30~34세,봉원동,13,7,F
35~39세,봉원동,9,1,F
40~44세,봉원동,9,0,F
45~49세,봉원동,18,2,F
50~54세,봉원동,12,2,F
55~59세,봉원동,18,5,F
60~64세,봉원동,15,4,F
65~69세,봉원동,10,5,F
총합,창천동,"10,813","6,801",M+F
0~69세,창천동,"9,925","6,511",M+F
0~4세,창천동,131,0,M+F
5~9세,창천동,78,2,M+F
10~14세,창천동,151,1,M+F
15~19세,창천동,255,110,M+F
20~24세,창천동,"1,736","1,453",M+F
25~29세,창천동,"2,576","2,121",M+F
30~34세,창천동,"1,445","1,122",M+F
35~39세,창천동,736,505,M+F
40~44세,창천동,566,328,M+F
45~49세,창천동,469,221,M+F
50~54세,창천동,527,207,M+F
55~59세,창천동,439,167,M+F
60~64세,창천동,450,158,M+F
65~69세,창천동,366,116,M+F
총합,창천동,"5,471","3,573",M
0~69세,창천동,"5,105","3,484",M
0~4세,창천동,79,0,M
5~9세,창천동,39,1,M
10~14세,창천동,88,1,M
15~19세,창천동,106,34,M
20~24세,창천동,729,606,M
25~29세,창천동,"1,397","1,181",M
30~34세,창천동,842,687,M
35~39세,창천동,413,307,M
40~44세,창천동,302,186,M
45~49세,창천동,254,129,M
50~54세,창천동,253,116,M
55~59세,창천동,226,99,M
60~64세,창천동,207,86,M
65~69세,창천동,170,51,M
총합,창천동,"5,342","3,228",F
0~69세,창천동,"4,820","3,027",F
0~4세,창천동,52,0,F
5~9세,창천동,39,1,F
10~14세,창천동,63,0,F
15~19세,창천동,149,76,F
20~24세,창천동,"1,007",847,F
25~29세,창천동,"1,179",940,F
30~34세,창천동,603,435,F
35~39세,창천동,323,198,F
40~44세,창천동,264,142,F
45~49세,창천동,215,92,F
50~54세,창천동,274,91,F
55~59세,창천동,213,68,F
60~64세,창천동,243,72,F
65~69세,창천동,196,65,F
총합,연희동,"33,910","10,675",M+F
0~69세,연희동,"29,642","9,563",M+F
0~4세,연희동,492,0,M+F
5~9세,연희동,775,1,M+F
10~14세,연희동,867,6,M+F
15~19세,연희동,"1,150",52,M+F
20~24세,연희동,"3,157","1,693",M+F
25~29세,연희동,"4,443","2,660",M+F
30~34세,연희동,"3,153","1,540",M+F
35~39세,연희동,"2,181",811,M+F
40~44세,연희동,"2,346",633,M+F
45~49세,연희동,"2,075",447,M+F
50~54세,연희동,"2,646",520,M+F
55~59세,연희동,"2,287",379,M+F
60~64세,연희동,"2,181",424,M+F
65~69세,연희동,"1,889",397,M+F
총합,연희동,"16,190","5,144",M
0~69세,연희동,"14,443","4,841",M
0~4세,연희동,246,0,M
5~9세,연희동,377,0,M
10~14세,연희동,455,3,M
15~19세,연희동,570,20,M
20~24세,연희동,"1,485",760,M
25~29세,연희동,"2,348","1,471",M
30~34세,연희동,"1,570",805,M
35~39세,연희동,"1,084",415,M
40~44세,연희동,"1,122",319,M
45~49세,연희동,"1,014",235,M
50~54세,연희동,"1,222",266,M
55~59세,연희동,"1,077",203,M
60~64세,연희동,"1,007",198,M
65~69세,연희동,866,146,M
총합,연희동,"17,720","5,531",F
0~69세,연희동,"15,199","4,722",F
0~4세,연희동,246,0,F
5~9세,연희동,398,1,F
10~14세,연희동,412,3,F
15~19세,연희동,580,32,F
20~24세,연희동,"1,672",933,F
25~29세,연희동,"2,095","1,189",F
30~34세,연희동,"1,583",735,F
35~39세,연희동,"1,097",396,F
40~44세,연희동,"1,224",314,F
45~49세,연희동,"1,061",212,F
50~54세,연희동,"1,424",254,F
55~59세,연희동,"1,210",176,F
60~64세,연희동,"1,174",226,F
65~69세,연희동,"1,023",251,F
총합,홍은동,"50,626","8,842",M+F
0~69세,홍은동,"43,711","7,064",M+F
0~4세,홍은동,"1,136",1,M+F
5~9세,홍은동,"1,566",0,M+F
10~14세,홍은동,"1,691",4,M+F
15~19세,홍은동,"1,999",72,M+F
20~24세,홍은동,"3,178",606,M+F
25~29세,홍은동,"3,585",875,M+F
30~34세,홍은동,"3,653",963,M+F
35~39세,홍은동,"3,266",638,M+F
40~44세,홍은동,"3,627",602,M+F
45~49세,홍은동,"3,517",513,M+F
50~54세,홍은동,"4,487",674,M+F
55~59세,홍은동,"4,228",654,M+F
60~64세,홍은동,"4,185",731,M+F
65~69세,홍은동,"3,593",731,M+F
총합,홍은동,"24,322","4,086",M
0~69세,홍은동,"21,466","3,628",M
0~4세,홍은동,578,0,M
5~9세,홍은동,788,0,M
10~14세,홍은동,849,1,M
15~19세,홍은동,984,21,M
20~24세,홍은동,"1,574",243,M
25~29세,홍은동,"1,777",440,M
30~34세,홍은동,"1,881",539,M
35~39세,홍은동,"1,647",369,M
40~44세,홍은동,"1,873",343,M
45~49세,홍은동,"1,686",283,M
50~54세,홍은동,"2,184",393,M
55~59세,홍은동,"2,027",360,M
60~64세,홍은동,"1,985",356,M
65~69세,홍은동,"1,633",280,M
총합,홍은동,"26,304","4,756",F
0~69세,홍은동,"22,245","3,436",F
0~4세,홍은동,558,1,F
5~9세,홍은동,778,0,F
10~14세,홍은동,842,3,F
15~19세,홍은동,"1,015",51,F
20~24세,홍은동,"1,604",363,F
25~29세,홍은동,"1,808",435,F
30~34세,홍은동,"1,772",424,F
35~39세,홍은동,"1,619",269,F
40~44세,홍은동,"1,754",259,F
45~49세,홍은동,"1,831",230,F
50~54세,홍은동,"2,303",281,F
55~59세,홍은동,"2,201",294,F
60~64세,홍은동,"2,200",375,F
65~69세,홍은동,"1,960",451,F
총합,북가좌동,"48,098","7,831",M+F
0~69세,북가좌동,"41,364","6,179",M+F
0~4세,북가좌동,929,0,M+F
5~9세,북가좌동,"1,356",0,M+F
10~14세,북가좌동,"1,923",2,M+F
15~19세,북가좌동,"2,108",15,M+F
20~24세,북가좌동,"2,582",300,M+F
25~29세,북가좌동,"3,527",897,M+F
30~34세,북가좌동,"3,382",836,M+F
35~39세,북가좌동,"2,819",579,M+F
40~44세,북가좌동,"3,534",553,M+F
45~49세,북가좌동,"3,741",488,M+F
50~54세,북가좌동,"4,394",606,M+F
55~59세,북가좌동,"3,841",571,M+F
60~64세,북가좌동,"3,897",686,M+F
65~69세,북가좌동,"3,331",646,M+F
총합,북가좌동,"23,186","3,634",M
0~69세,북가좌동,"20,392","3,201",M
0~4세,북가좌동,470,0,M
5~9세,북가좌동,737,0,M
10~14세,북가좌동,986,1,M
15~19세,북가좌동,"1,084",8,M
20~24세,북가좌동,"1,268",122,M
25~29세,북가좌동,"1,741",415,M
30~34세,북가좌동,"1,731",480,M
35~39세,북가좌동,"1,410",343,M
40~44세,북가좌동,"1,746",314,M
45~49세,북가좌동,"1,823",269,M
50~54세,북가좌동,"2,158",345,M
55~59세,북가좌동,"1,847",313,M
60~64세,북가좌동,"1,796",307,M
65~69세,북가좌동,"1,595",284,M
총합,북가좌동,"24,912","4,197",F
0~69세,북가좌동,"20,972","2,978",F
0~4세,북가좌동,459,0,F
5~9세,북가좌동,619,0,F
10~14세,북가좌동,937,1,F
15~19세,북가좌동,"1,024",7,F
20~24세,북가좌동,"1,314",178,F
25~29세,북가좌동,"1,786",482,F
30~34세,북가좌동,"1,651",356,F
35~39세,북가좌동,"1,409",236,F
40~44세,북가좌동,"1,788",239,F
45~49세,북가좌동,"1,918",219,F
50~54세,북가좌동,"2,236",261,F
55~59세,북가좌동,"1,994",258,F
60~64세,북가좌동,"2,101",379,F
65~69세,북가좌동,"1,736",362,F
총합,남가좌동,"45,671","7,042",M+F
0~69세,남가좌동,"40,553","5,686",M+F
0~4세,남가좌동,"1,552",0,M+F
5~9세,남가좌동,"2,636",0,M+F
10~14세,남가좌동,"2,371",3,M+F
15~19세,남가좌동,"1,885",80,M+F
20~24세,남가좌동,"2,762",868,M+F
25~29세,남가좌동,"2,844",874,M+F
30~34세,남가좌동,"2,826",712,M+F
35~39세,남가좌동,"3,383",451,M+F
40~44세,남가좌동,"4,378",406,M+F
45~49세,남가좌동,"3,760",368,M+F
50~54세,남가좌동,"3,796",463,M+F
55~59세,남가좌동,"3,108",448,M+F
60~64세,남가좌동,"2,796",514,M+F
65~69세,남가좌동,"2,456",499,M+F
총합,남가좌동,"21,943","3,284",M
0~69세,남가좌동,"19,868","2,913",M
0~4세,남가좌동,820,0,M
5~9세,남가좌동,"1,336",0,M
10~14세,남가좌동,"1,167",1,M
15~19세,남가좌동,929,31,M
20~24세,남가좌동,"1,290",377,M
25~29세,남가좌동,"1,394",435,M
30~34세,남가좌동,"1,337",381,M
35~39세,남가좌동,"1,569",266,M
40~44세,남가좌동,"2,140",245,M
45~49세,남가좌동,"1,945",208,M
50~54세,남가좌동,"1,886",254,M
55~59세,남가좌동,"1,524",245,M
60~64세,남가좌동,"1,368",260,M
65~69세,남가좌동,"1,163",210,M
총합,남가좌동,"23,728","3,758",F
0~69세,남가좌동,"20,685","2,773",F
0~4세,남가좌동,732,0,F
5~9세,남가좌동,"1,300",0,F
10~14세,남가좌동,"1,204",2,F
15~19세,남가좌동,956,49,F
20~24세,남가좌동,"1,472",491,F
25~29세,남가좌동,"1,450",439,F
30~34세,남가좌동,"1,489",331,F
35~39세,남가좌동,"1,814",185,F
40~44세,남가좌동,"2,238",161,F
45~49세,남가좌동,"1,815",160,F
50~54세,남가좌동,"1,910",209,F
55~59세,남가좌동,"1,584",203,F
60~64세,남가좌동,"1,428",254,F
65~69세,남가좌동,"1,293",289,F
